,d,Sr,Oob,year,season,phase
1,0.076,0.7119725,-17.79690452,28,1,4
2,0.225,0.7116568,-17.73482037,28,1,4
3,0.375,0.7115566,-17.67273623,28,1,4
4,0.525,0.7116106,-17.61065209,28,1,4
5,0.676,0.7116803,-17.54856794,28,1,4
6,0.825,0.7116623,-17.4864838,28,1,4
7,0.975,0.7117266,-17.42439966,28,1,4
8,1.125,0.7117447,-17.21443911,28,1,4
9,1.276,0.7117873,-17.23588197,28,1,4
10,1.425,0.7116927,-17.25732483,28,1,4
11,1.575,0.7120899,-17.27876769,28,1,4
12,1.725,0.7119254,-17.2985262,28,1,4
13,1.875,0.71173815,-17.1484262,28,1,4
14,2.025,0.7116008,-16.9983262,28,1,4
15,2.175,0.7120924,-16.8482262,28,2,4
16,2.325,0.7120793,-16.7854466,28,2,4
17,2.476,0.7121779,-16.76400374,28,2,4
18,2.625,0.7125233,-16.74256089,28,2,4
19,2.775,0.7124282,-16.72111803,28,2,4
20,2.925,0.7116597,-16.69895055,28,2,4
21,3.076,0.7102907,-16.62967363,28,2,4
22,3.225,0.7104813,-16.56039671,28,2,4
23,3.375,0.7099618,-16.49111978,28,2,4
24,3.525,0.7102541,-16.42184286,28,2,4
25,3.676,0.7104153,-16.44404591,28,2,4
26,3.825,0.710556,-16.50837449,28,2,4
27,3.975,0.7113726,-16.57270306,28,2,4
28,4.125,0.7110981,-16.63703163,28,2,4
29,4.276,0.7109595,-16.697733,27,1,4
30,4.425,0.7111362,-16.59051871,27,1,4
31,4.575,0.712253,-16.48330443,27,1,4
32,4.725,0.7113499,-16.37609014,27,1,4
33,4.876,0.7116297,-16.26887586,27,1,4
34,5.024,0.712116451,-16.15871246,27,1,4
35,5.175,0.71282919,-16.04325092,27,1,4
36,5.325,0.713746522,-15.92778938,27,1,4
37,5.475,0.713842093,-15.81232785,27,1,4
38,5.625,0.713509416,-15.69941803,27,1,4
39,5.775,0.713415155,-15.67797517,27,1,4
40,5.925,0.713464903,-15.65653231,27,1,4
41,6.075,0.713379804,-15.63508946,27,1,4
42,6.225,0.713032686,-15.6136466,27,1,4
43,6.375,0.713101507,-15.60779626,27,1,4
44,6.525,0.713058729,-15.62923911,27,1,4
45,6.675,0.712454582,-15.65068197,27,1,4
46,6.825,0.712738294,-15.67212483,27,1,4
47,6.975,0.713057535,-15.69356769,27,1,4
48,7.125,0.712968968,-15.71400984,27,1,4
49,7.275,0.713025325,-15.73402317,27,1,4
50,7.425,0.712783952,-15.75403651,27,1,4
51,7.575,0.712870674,-15.77404984,27,2,4
52,7.725,0.712911595,-15.79406317,27,2,4
53,7.875,0.712735013,-15.78592349,27,2,4
54,8.025,0.712496618,-15.76591016,27,2,4
55,8.175,0.712202109,-15.74589683,27,2,4
56,8.326,0.711685446,-15.72588349,27,2,4
57,8.475,0.710846278,-15.70587016,27,2,4
58,8.625,0.710836501,-15.84143173,27,2,4
59,8.775,0.710686575,-16.04156507,27,2,4
60,8.925,0.710817512,-16.2416984,27,2,4
61,9.075,0.712094375,-16.44183173,27,2,4
62,9.225,0.71173036,-16.35257474,27,2,4
63,9.375,0.71169186,-16.14474397,27,2,4
64,9.525,0.709879506,-15.9369132,27,2,4
65,9.675,0.710538924,-15.72908243,27,2,4
66,9.825,0.711728632,-15.6,27,2,4
67,9.975,0.712368244,-15.6,27,2,4
68,10.125,0.712868,-15.6,27,2,4
69,10.275,0.713114825,-15.6,27,2,4
70,10.425,0.712656275,-15.6,27,2,4
71,10.575,0.712487175,-15.65354888,27,2,4
72,10.725,0.712088375,-15.79364221,26,1,3
73,10.875,0.71186145,-15.93373555,26,1,3
74,11.026,0.711888375,-16.07382888,26,1,3
75,11.175,0.712410075,-16.21392221,26,1,3
76,11.325,0.71239515,-16.21511843,26,1,3
77,11.475,0.7122129,-15.99497176,26,1,3
78,11.625,0.7121077,-15.77482509,26,1,3
79,11.775,0.71172145,-15.55467843,26,1,3
80,11.925,0.7107166,-15.33453176,26,1,3
81,12.075,0.711674525,-15.2,26,1,3
82,12.225,0.7116492,-15.2,26,1,3
83,12.375,0.711173125,-15.2,26,1,3
84,12.525,0.71133495,-15.2,26,1,3
85,12.676,0.71102935,-15.2,26,1,3
86,12.825,0.711089425,-15.04031843,26,1,3
87,12.975,0.712084825,-14.82017176,26,1,3
88,13.125,0.712180825,-14.60002509,26,1,3
89,13.275,0.7119873,-14.37987843,26,1,3
90,13.425,0.71210085,-14.15973176,26,1,3
91,13.575,0.712323125,-14.26826738,26,1,3
92,13.725,0.712189325,-14.49919046,26,2,3
93,13.875,0.712243325,-14.73011354,26,2,3
94,14.025,0.7124103,-14.96103662,26,2,3
95,14.175,0.71229005,-15.32989923,26,2,3
96,14.326,0.712446675,-15.90720692,26,2,3
97,14.475,0.712379875,-16.48451462,26,2,3
98,14.625,0.712424575,-17.06182231,26,2,3
99,14.775,0.7125093,-17.5941864,26,2,3
100,14.925,0.712598775,-17.50841497,26,2,3
101,15.075,0.7120037,-17.42264354,26,2,3
102,15.225,0.71191315,-17.33687211,26,2,3
103,15.375,0.7114874,-17.25110069,26,2,3
104,15.525,0.7112393,-17.23467074,26,2,3
105,15.675,0.71079255,-17.32044217,26,2,3
106,15.825,0.71039075,-17.4062136,26,2,3
107,15.975,0.71097815,-17.49198503,26,2,3
108,16.125,0.71092105,-17.57775646,26,2,3
109,16.275,0.71096055,-17.40941634,26,2,3
110,16.425,0.7112008,-17.15210206,26,2,3
111,16.575,0.7115084,-16.89478777,25,1,3
112,16.725,0.71153185,-16.63747349,25,1,3
113,16.875,0.71175585,-16.39287766,25,1,3
114,17.025,0.71186655,-16.30050843,25,1,3
115,17.175,0.71181315,-16.2081392,25,1,3
116,17.325,0.7115574,-16.11576997,25,1,3
117,17.475,0.71153105,-16.02340074,25,1,3
118,17.625,0.7115843,-16.14943173,25,1,3
119,17.775,0.71131375,-16.34956507,25,1,3
120,17.925,0.7112897,-16.5496984,25,1,3
121,18.075,0.71116485,-16.74983173,25,1,3
122,18.225,0.7111577,-16.94996507,25,1,3
123,18.375,0.710562875,-16.98499016,25,1,3
124,18.525,0.7100481,-16.96497683,25,1,3
125,18.675,0.7101713,-16.94496349,25,1,3
126,18.825,0.7104464,-16.92495016,25,1,3
127,18.975,0.71116,-16.90493683,25,1,3
128,19.125,0.7115009,-16.8515398,25,2,3
129,19.275,0.711637575,-16.78721123,25,2,3
130,19.425,0.7118851,-16.72288266,25,2,3
131,19.575,0.7119221,-16.65855409,25,2,3
132,19.725,0.712052475,-16.59663155,25,2,3
133,19.875,0.71224305,-16.55910655,25,2,3
134,20.025,0.7122433,-16.52158155,25,2,3
135,20.175,0.7122094,-16.48405655,25,2,3
136,20.326,0.7122511,-16.44653155,25,2,3
137,20.476,0.7123877,-16.40900655,25,2,3
138,20.626,0.7123307,-16.31947732,25,2,3
139,20.775,0.7121251,-16.21352438,25,2,3
140,20.925,0.7120458,-16.10757144,25,2,3
141,21.075,0.7118936,-16.00161849,25,2,3
142,21.225,0.7114964,-15.89566555,25,2,3
143,21.375,0.7112544,-15.82081971,25,2,3
144,21.525,0.7108391,-16.03524829,24,1,3
145,21.675,0.7095393,-16.24967686,24,1,3
146,21.825,0.7101677,-16.46410543,24,1,3
147,21.975,0.7105627,-16.678534,24,1,3
148,22.125,0.7102753,-16.74422246,24,1,3
149,22.275,0.7110351,-16.61556531,24,1,3
150,22.425,0.7106026,-16.48690817,24,1,3
151,22.575,0.7107362,-16.35825103,24,1,3
152,22.725,0.711434725,-16.22959389,24,1,3
153,22.876,0.7113154,-16.18459016,24,1,3
154,23.026,0.7112464,-16.16457683,24,1,3
155,23.175,0.7109157,-16.14456349,24,1,3
156,23.325,0.7108405,-16.12455016,24,1,3
157,23.475,0.7110347,-16.10453683,24,1,3
158,23.625,0.7112236,-16.16632789,24,1,3
159,23.775,0.71143,-16.25209931,24,1,3
160,23.925,0.7110777,-16.33787074,24,1,3
161,24.075,0.7108222,-16.42364217,24,1,3
162,24.225,0.7109556,-16.48732785,24,2,3
163,24.375,0.7109403,-16.37186631,24,2,3
164,24.525,0.7105144,-16.25640477,24,2,3
165,24.675,0.7096181,-16.14094323,24,2,3
166,24.825,0.7094642,-16.02548169,24,2,3
167,24.976,0.709944275,-15.95321048,24,2,3
168,25.125,0.711489,-15.89317048,24,2,3
169,25.275,0.71156585,-15.83313048,24,2,3
170,25.425,0.7117938,-15.77309048,24,2,3
171,25.575,0.7120259,-15.71305048,24,2,3
172,25.725,0.712137675,-15.76910224,24,2,3
173,25.875,0.7122287,-15.85739635,24,2,3
174,26.025,0.7120924,-15.94569047,24,2,3
175,26.175,0.7117916,-16.03398459,24,2,3
176,26.325,0.7116238,-16.12227871,24,2,3
177,26.475,0.7113115,-16.20513537,24,2,3
178,26.625,0.7102236,-16.24802109,24,2,3
179,26.775,0.7097557,-16.2909068,24,2,3
180,26.925,0.7103025,-16.33379251,24,2,3
181,27.076,0.7105614,-16.37667823,24,2,3
182,27.225,0.7102009,-16.36839671,24,2,3
183,27.375,0.7097616,-16.29911978,24,2,3
184,27.525,0.7100517,-16.22984286,24,2,3
185,27.675,0.709964975,-16.16056594,24,2,3
186,27.825,0.7100453,-16.10754952,23,1,3
187,27.975,0.7098011,-16.16758952,23,1,3
188,28.125,0.71006345,-16.22762952,23,1,3
189,28.275,0.7097885,-16.28766952,23,1,3
190,28.425,0.7105277,-16.34770952,23,1,3
191,28.575,0.7111433,-16.37933461,23,1,3
192,28.725,0.711332,-16.21922795,23,1,3
193,28.875,0.7121215,-16.05912128,23,1,3
194,29.025,0.712205975,-15.89901461,23,1,3
195,29.175,0.7124207,-15.73890795,23,1,3
196,29.325,0.7127428,-15.56555208,23,1,3
197,29.475,0.712960175,-15.30537875,23,1,3
198,29.625,0.7127892,-15.04520541,23,1,3
199,29.775,0.7128688,-14.78503208,23,1,3
200,29.925,0.712926675,-14.52485875,23,1,3
201,30.075,0.712318725,-14.31086603,23,1,3
202,30.225,0.7122195,-14.39091936,23,1,3
203,30.375,0.7122495,-14.47097269,23,1,3
204,30.525,0.712327775,-14.55102603,23,1,3
205,30.675,0.71251045,-14.63107936,23,1,3
206,30.825,0.7123559,-14.73061491,23,1,3
207,30.975,0.7121839,-14.95076157,23,1,3
208,31.125,0.71212955,-15.17090824,23,1,3
209,31.275,0.71192585,-15.39105491,23,2,3
210,31.425,0.71199835,-15.61120157,23,2,3
211,31.575,0.71182805,-15.8030534,23,2,3
212,31.725,0.7115134,-15.82449626,23,2,3
213,31.875,0.7112296,-15.84593911,23,2,3
214,32.025,0.7117674,-15.86738197,23,2,3
215,32.175,0.71184695,-15.88882483,23,2,3
216,32.325,0.71179735,-15.88894249,23,2,3
217,32.475,0.71184415,-15.86585018,23,2,3
218,32.625,0.711418475,-15.84275788,23,2,3
219,32.775,0.71128915,-15.81966557,23,2,3
220,32.925,0.71130245,-15.8148492,23,2,3
221,33.075,0.71141305,-15.91491587,23,2,3
222,33.226,0.7101087,-16.01498253,23,2,3
223,33.375,0.70989855,-16.1150492,23,2,3
224,33.525,0.7096282,-16.21511587,23,2,3
225,33.675,0.709587375,-16.29696349,23,2,3
226,33.825,0.70905485,-16.27695016,23,2,3
227,33.975,0.7096238,-16.25693683,23,2,3
228,34.125,0.710434025,-16.23692349,23,2,3
229,34.276,0.71134985,-16.21691016,23,2,3
230,34.425,0.7112486,-16.19689683,23,2,3
231,34.575,0.7113497,-16.17688349,22,1,3
232,34.725,0.710805525,-16.15687016,22,1,3
233,34.875,0.70931435,-16.13685683,22,1,3
234,35.026,0.7091667,-16.11684349,22,1,3
235,35.175,0.708879575,-16.07439745,22,1,3
236,35.325,0.709406175,-15.91275129,22,1,3
237,35.475,0.7109192,-15.75110514,22,1,3
238,35.626,0.7115088,-15.58945898,22,1,3
239,35.775,0.7119461,-15.42781283,22,1,3
240,35.925,0.7122157,-15.6692599,22,1,3
241,36.075,0.711520425,-15.99447657,22,1,3
242,36.225,0.712162825,-16.31969323,22,1,3
243,36.375,0.71213385,-16.6449099,22,1,3
244,36.525,0.71191575,-16.55039144,22,1,3
245,36.675,0.711684075,-16.37027144,22,1,3
246,36.825,0.71208885,-16.19015144,22,1,3
247,36.975,0.711963975,-16.01003144,22,1,3
248,37.125,0.71185015,-15.82991144,22,1,3
249,37.275,0.71179025,-15.86675936,22,1,3
250,37.425,0.711739,-15.94681269,22,1,3
251,37.575,0.71179865,-16.02686603,22,1,3
252,37.725,0.7117669,-16.10691936,22,1,3
253,37.876,0.7117739,-16.18697269,22,1,3
254,38.025,0.71173375,-16.1281864,22,1,3
255,38.175,0.711683,-16.04241497,22,2,3
256,38.325,0.7120063,-15.95664354,22,2,3
257,38.475,0.712072725,-15.87087211,22,2,3
258,38.625,0.712101025,-15.82085904,22,2,3
259,38.775,0.7119204,-15.94093904,22,2,3
260,38.925,0.7118514,-16.06101904,22,2,3
261,39.076,0.7120025,-16.18109904,22,2,3
262,39.225,0.71182565,-16.30117904,22,2,3
263,39.375,0.7120483,-16.40332173,22,2,3
264,39.525,0.712182775,-16.42208423,22,2,3
265,39.675,0.712163075,-16.44084673,22,2,3
266,39.825,0.71221065,-16.45960923,22,2,3
267,39.975,0.71209765,-16.47837173,22,2,3
268,40.125,0.7118002,-16.49713423,22,2,3
269,40.275,0.71184555,-16.41023026,22,2,3
270,40.425,0.71170375,-16.30427732,22,2,3
271,40.575,0.7116557,-16.19832438,22,2,3
272,40.725,0.71165295,-16.09237144,22,2,3
273,40.875,0.7117751,-15.98641849,22,2,3
274,41.025,0.7119167,-15.93320856,22,2,3
275,41.175,0.7118641,-16.11332856,22,2,3
276,41.326,0.71193805,-16.29344856,22,2,3
277,41.476,0.71183915,-16.47356856,22,2,3
278,41.625,0.71195195,-16.65368856,21,1,3
279,41.775,0.7119072,-16.76099012,21,1,3
280,41.925,0.71172805,-16.55315935,21,1,3
281,42.075,0.71182275,-16.34532858,21,1,3
282,42.225,0.7117854,-16.13749782,21,1,3
283,42.375,0.71191915,-15.92966705,21,1,3
284,42.525,0.71222145,-15.97918388,21,1,3
285,42.675,0.712062,-16.07155311,21,1,3
286,42.825,0.71210925,-16.16392234,21,1,3
287,42.976,0.7116951,-16.25629157,21,1,3
288,43.126,0.7117007,-16.2148436,21,1,3
289,43.275,0.7118667,-16.05319745,21,1,3
290,43.425,0.7117399,-15.89155129,21,1,3
291,43.575,0.71166955,-15.72990514,21,1,3
292,43.725,0.71194515,-15.61178952,21,1,3
293,43.875,0.71174905,-15.67182952,21,1,3
294,44.025,0.7116874,-15.73186952,21,1,3
295,44.175,0.71163195,-15.79190952,21,1,3
296,44.325,0.7115501,-15.85194952,21,1,3
297,44.475,0.7114085,-15.93996507,21,1,3
298,44.626,0.7114086,-16.1400984,21,1,3
299,44.776,0.7116085,-16.34023173,21,1,3
300,44.925,0.711632825,-16.54036507,21,1,3
301,45.075,0.71124555,-16.7404984,21,1,3
302,45.225,0.7109139,-16.94190148,21,1,3
303,45.375,0.71073245,-17.14828898,21,1,3
304,45.525,0.7106352,-17.35467648,21,2,3
305,45.676,0.71058285,-17.56106398,21,2,3
306,45.825,0.710425075,-17.76745148,21,2,3
307,45.975,0.7102999,-17.97383898,21,2,3
308,46.125,0.7099972,-17.75532891,21,2,3
309,46.275,0.70955215,-17.47514224,21,2,3
310,46.426,0.70886135,-17.19495557,21,2,3
311,46.575,0.708626375,-16.91476891,21,2,3
312,46.725,0.70878035,-16.63458224,21,2,3
313,46.875,0.70883595,-16.76916631,21,2,3
314,47.025,0.708833,-16.96215203,21,2,3
315,47.175,0.70866165,-17.15513774,21,2,3
316,47.326,0.7089778,-17.34812346,21,2,3
317,47.475,0.70913485,-17.4680262,21,2,3
318,47.625,0.70927065,-17.3179262,21,2,3
319,47.775,0.70996655,-17.1678262,21,2,3
320,47.925,0.7103047,-17.0177262,21,2,3
321,48.075,0.71025795,-16.8676262,21,2,3
322,48.225,0.7101892,-16.91781971,21,2,3
323,48.375,0.7105267,-17.13224829,21,2,3
324,48.525,0.71068815,-17.34667686,21,2,3
325,48.675,0.710616,-17.56110543,21,2,3
326,48.825,0.71047075,-17.775534,21,2,3
327,48.976,0.71058285,-17.9772984,20,1,3
328,49.125,0.711062525,-18.17743173,20,1,3
329,49.275,0.7116631,-18.37756507,20,1,3
330,49.425,0.7114992,-18.5776984,20,1,3
331,49.575,0.71136675,-18.77783173,20,1,3
332,49.725,0.71136975,-18.55084891,20,1,3
333,49.875,0.711361725,-18.27066224,20,1,3
334,50.026,0.7109965,-17.99047557,20,1,3
335,50.175,0.711055,-17.71028891,20,1,3
336,50.325,0.7110715,-17.43010224,20,1,3
337,50.475,0.71104525,-17.4,20,1,3
338,50.625,0.710965,-17.4,20,1,3
339,50.775,0.71106125,-17.4,20,1,3
340,50.925,0.710849,-17.4,20,1,3
341,51.075,0.710511,-17.41473163,20,1,3
342,51.225,0.71062625,-17.4790602,20,1,3
343,51.375,0.71018375,-17.54338877,20,1,3
344,51.525,0.710703,-17.60771734,20,1,3
345,51.675,0.711231,-17.67204591,20,1,3
346,51.825,0.710971,-17.48175309,20,1,3
347,51.975,0.711539,-17.09578166,20,1,3
348,52.125,0.7115985,-16.70981023,20,1,3
349,52.275,0.711737,-16.3238388,20,2,3
350,52.425,0.711573,-15.93786737,20,2,3
351,52.575,0.7115605,-15.9,20,2,3
352,52.725,0.71154575,-15.9,20,2,3
353,52.875,0.711587,-15.9,20,2,3
354,53.025,0.711481,-15.9,20,2,3
355,53.175,0.711287,-15.92235863,20,2,3
356,53.326,0.71139375,-16.01617113,20,2,3
357,53.475,0.711179,-16.10998363,20,2,3
358,53.625,0.71105925,-16.20379613,20,2,3
359,53.775,0.7111275,-16.29760863,20,2,3
360,53.925,0.711108,-16.39142113,20,2,3
361,54.075,0.7110645,-16.55342053,20,2,3
362,54.225,0.71125325,-16.72228303,20,2,3
363,54.375,0.711187,-16.89114553,20,2,3
364,54.525,0.71120525,-17.06000803,20,2,3
365,54.675,0.71132475,-17.22887053,20,2,3
366,54.825,0.711332,-17.31241054,20,2,3
367,54.976,0.710412,-17.3338534,20,2,3
368,55.125,0.709836,-17.35529626,20,2,3
369,55.275,0.709689,-17.37673911,20,2,3
370,55.425,0.70952025,-17.39818197,20,2,3
371,55.575,0.708472,-17.1939393,19,1,3
372,55.725,0.70848125,-16.9687893,19,1,3
373,55.875,0.708672,-16.7436393,19,1,3
374,56.025,0.70974,-16.5184893,19,1,3
375,56.175,0.71018175,-16.5459246,19,1,3
376,56.325,0.710109,-16.59595793,19,1,3
377,56.475,0.7098145,-16.64599127,19,1,3
378,56.625,0.709913,-16.6960246,19,1,3
379,56.775,0.70989,-16.99608671,19,1,3
380,56.925,0.71072525,-17.31772957,19,1,3
381,57.075,0.710515,-17.63937243,19,1,3
382,57.225,0.710519,-17.96101529,19,1,3
383,57.375,0.71065625,-18.15371144,19,1,3
384,57.525,0.710884,-17.97359144,19,1,3
385,57.675,0.71096825,-17.79347144,19,1,3
386,57.825,0.710867,-17.61335144,19,1,3
387,57.975,0.709976,-17.43323144,19,1,3
388,58.125,0.7099405,-17.27241849,19,1,3
389,58.275,0.710264,-17.16646555,19,1,3
390,58.425,0.7100595,-17.06051261,19,1,3
391,58.575,0.710109,-16.95455967,19,1,3
392,58.725,0.711004,-16.84860673,19,1,3
393,58.875,0.71139625,-16.74265379,19,1,3
394,59.025,0.711673,-16.66413048,19,2,3
395,59.175,0.7111485,-16.60409048,19,2,3
396,59.325,0.711193,-16.54405048,19,2,3
397,59.475,0.711201,-16.48401048,19,2,3
398,59.625,0.71090925,-16.42397048,19,2,3
399,59.775,0.710813,-16.28901686,19,2,3
400,59.925,0.711278,-16.1042784,19,2,3
401,60.075,0.71198225,-15.91953994,19,2,3
402,60.225,0.7117565,-15.73480148,19,2,3
403,60.375,0.7115455,-15.6540984,19,2,3
404,60.525,0.71153,-15.85423173,19,2,3
405,60.675,0.71162075,-16.05436507,19,2,3
406,60.826,0.710785,-16.2544984,19,2,3
407,60.975,0.7115265,-16.45463173,19,2,3
408,61.125,0.711501,-16.56479389,19,2,3
409,61.275,0.7113475,-16.43613674,19,2,3
410,61.425,0.71134675,-16.3074796,19,2,3
411,61.576,0.710848,-16.17882246,19,2,3
412,61.725,0.7114705,-16.05016531,19,2,3
413,61.875,0.7113985,-16.16905932,19,2,3
414,62.025,0.7117865,-16.44616702,19,2,3
415,62.175,0.711692,-16.72327471,19,2,3
416,62.325,0.7118445,-17.0003824,19,2,3
417,62.475,0.7118375,-17.2,18,1,3
418,62.625,0.7119715,-17.2,18,1,3
419,62.775,0.7120565,-17.2,18,1,3
420,62.925,0.71203175,-17.2,18,1,3
421,63.075,0.712023,-17.2,18,1,3
422,63.225,0.712217,-17.18407233,18,1,3
423,63.375,0.712124,-17.12778483,18,1,3
424,63.525,0.712103,-17.07149733,18,1,3
425,63.676,0.7120105,-17.01520983,18,1,3
426,63.825,0.7117475,-16.95892233,18,1,3
427,63.975,0.711795,-16.90263483,18,1,3
428,64.125,0.7120905,-16.65200541,18,1,3
429,64.275,0.711864,-16.39183208,18,1,3
430,64.426,0.7119015,-16.13165875,18,1,3
431,64.575,0.7118995,-15.87148541,18,1,3
432,64.725,0.7121275,-15.61131208,18,1,3
433,64.875,0.7118775,-15.78459489,18,1,3
434,65.025,0.71180925,-15.9775806,18,1,3
435,65.175,0.71187175,-16.17056631,18,1,3
436,65.325,0.711932,-16.36355203,18,1,3
437,65.475,0.711791,-16.4797044,18,1,3
438,65.625,0.711827,-16.41042748,18,1,3
439,65.775,0.712301,-16.34115055,18,1,3
440,65.925,0.71230325,-16.27187363,18,1,3
441,66.075,0.7119645,-16.20259671,18,2,3
442,66.225,0.7124,-16.06515779,18,2,3
443,66.375,0.71236275,-15.92506445,18,2,3
444,66.525,0.712401,-15.78497112,18,2,3
445,66.675,0.71219475,-15.64487779,18,2,3
446,66.825,0.711923,-15.50478445,18,2,3
447,66.976,0.711594,-15.59060863,18,2,3
448,67.125,0.7113155,-15.68442113,18,2,3
449,67.275,0.71134425,-15.77823363,18,2,3
450,67.425,0.7113035,-15.87204613,18,2,3
451,67.575,0.71143325,-15.96585863,18,2,3
452,67.726,0.7113865,-16.10740803,18,2,3
453,67.875,0.71071,-16.27627053,18,2,3
454,68.025,0.71144025,-16.44513303,18,2,3
455,68.175,0.71159975,-16.61399553,18,2,3
456,68.325,0.71151575,-16.78285803,18,2,3
457,68.475,0.711545,-16.9459738,18,2,3
458,68.625,0.711579,-17.0960738,18,2,3
459,68.775,0.71184575,-17.2461738,18,2,3
460,68.925,0.711697,-17.3962738,18,2,3
461,69.075,0.71170575,-17.5463738,18,2,3
462,69.225,0.71165225,-17.6964738,18,2,3
463,69.375,0.7115625,-17.8465738,18,2,3
464,69.525,0.711689,-17.9966738,18,2,3
465,69.675,0.7123175,-18.1467738,17,1,3
466,69.825,0.71234175,-18.2968738,17,1,3
467,69.975,0.712128,-18.05127511,17,1,3
468,70.125,0.71206515,-17.79725972,17,1,3
469,70.275,0.7121273,-17.54324434,17,1,3
470,70.425,0.7120869,-17.28922895,17,1,3
471,70.575,0.7118079,-17.16754207,17,1,3
472,70.725,0.712200825,-17.11750873,17,1,3
473,70.875,0.7122506,-17.0674754,17,1,3
474,71.025,0.7116196,-17.01744207,17,1,3
475,71.175,0.711444,-16.88267144,17,1,3
476,71.325,0.71145535,-16.70255144,17,1,3
477,71.475,0.711355775,-16.52243144,17,1,3
478,71.625,0.71200665,-16.34231144,17,1,3
479,71.775,0.7117702,-16.16219144,17,1,3
480,71.925,0.7118291,-16.07192177,17,2,3
481,72.075,0.7117523,-16.02903606,17,2,3
482,72.225,0.711918875,-15.98615034,17,2,3
483,72.375,0.71203265,-15.94326463,17,2,3
484,72.525,0.71187375,-15.90037891,17,2,3
485,72.675,0.711585075,-16.38065382,17,2,3
486,72.825,0.7115962,-16.86559228,17,2,3
487,72.975,0.71153575,-17.35053074,17,2,3
488,73.125,0.71157195,-17.8354692,17,2,3
489,73.275,0.71133505,-17.87603275,17,2,3
490,73.425,0.711264875,-17.68840775,17,2,3
491,73.575,0.71139345,-17.50078275,17,2,3
492,73.725,0.71083515,-17.31315775,17,2,3
493,73.875,0.710714875,-17.12553275,17,2,3
494,74.025,0.7106612,-17.05298539,17,2,3
495,74.175,0.710816075,-17.21309205,17,2,3
496,74.325,0.71136485,-17.37319872,16,1,3
497,74.475,0.71228405,-17.53330539,16,1,3
498,74.625,0.71222195,-17.69341205,16,1,3
499,74.775,0.7125084,-17.63018098,16,1,3
500,74.925,0.7127058,-17.12215022,16,1,3
501,75.075,0.7110115,-16.61411945,16,1,3
502,75.225,0.710763,-16.10608868,16,1,3
503,75.375,0.7110205,-15.60049183,16,1,3
504,75.525,0.710732,-15.72914897,16,1,3
505,75.675,0.711063,-15.85780611,16,1,3
506,75.825,0.71111,-15.98646326,16,1,3
507,75.975,0.7107605,-16.1151204,16,1,3
508,76.125,0.710851,-16.23830535,16,1,3
509,76.275,0.710944,-16.35088035,16,1,3
510,76.425,0.711183,-16.46345535,16,1,3
511,76.575,0.7112285,-16.57603035,16,1,3
512,76.725,0.7109785,-16.68860535,16,1,3
513,76.875,0.711113,-16.80037031,16,2,3
514,77.025,0.711363,-16.83568795,16,2,3
515,77.175,0.71117,-16.8710056,16,2,3
516,77.325,0.711102,-16.90632325,16,2,3
517,77.475,0.711164,-16.94164089,16,2,3
518,77.625,0.7113045,-16.97695854,16,2,3
519,77.775,0.7113755,-17.06260856,16,2,3
520,77.925,0.711281,-17.24272856,16,2,3
521,78.075,0.711421,-17.42284856,16,2,3
522,78.225,0.711425,-17.60296856,16,2,3
523,78.375,0.71156,-17.78308856,16,2,3
524,78.525,0.7114775,-17.90810366,16,2,3
525,78.675,0.71129,-17.93119597,16,2,3
526,78.825,0.711172,-17.95428828,16,2,3
527,78.975,0.7111405,-17.97738058,16,2,3
528,79.125,0.711284,-17.99654198,16,2,3
529,79.275,0.711232,-17.82767948,16,2,3
530,79.425,0.711017,-17.65881698,15,1,2
531,79.575,0.7108815,-17.48995448,15,1,2
532,79.725,0.711097,-17.32109198,15,1,2
533,79.875,0.7110965,-17.15222948,15,1,2
534,80.025,0.71117475,-17.0481631,15,1,2
535,80.175,0.7108673,-16.9731131,15,1,2
536,80.325,0.710790425,-16.8980631,15,1,2
537,80.475,0.710807125,-16.8230131,15,1,2
538,80.625,0.71071145,-16.7479631,15,1,2
539,80.775,0.710616,-16.6729131,15,1,2
540,80.925,0.710653725,-16.6,15,1,2
541,81.075,0.710486275,-16.6,15,1,2
542,81.225,0.71064985,-16.6,15,1,2
543,81.376,0.710984725,-16.6,15,1,2
544,81.525,0.7111102,-16.6,15,1,2
545,81.675,0.7105058,-16.6,15,1,2
546,81.825,0.710531,-16.6,15,1,2
547,81.975,0.71090645,-16.67409915,15,2,2
548,82.125,0.71082845,-16.78005209,15,2,2
549,82.275,0.71087075,-16.88600504,15,2,2
550,82.425,0.71082665,-16.99195798,15,2,2
551,82.575,0.71098305,-17.09791092,15,2,2
552,82.725,0.7110081,-17.19854032,15,2,2
553,82.875,0.711306925,-17.15851365,15,2,2
554,83.026,0.711250275,-17.11848699,15,2,2
555,83.175,0.7112072,-17.07846032,15,2,2
556,83.325,0.7109811,-17.03843365,15,2,2
557,83.475,0.711135475,-17.00637205,15,2,2
558,83.625,0.71116175,-17.16647872,15,2,2
559,83.775,0.7112489,-17.32658539,15,2,2
560,83.925,0.7114882,-17.48669205,15,2,2
561,84.075,0.711599825,-17.64679872,15,2,2
562,84.225,0.71133,-17.80728303,15,2,2
563,84.375,0.711347275,-17.97614553,15,2,2
564,84.525,0.71122115,-18.14500803,15,2,2
565,84.676,0.711497675,-18.31387053,14,1,2
566,84.826,0.7115451,-18.48273303,14,1,2
567,84.974,0.711467725,-18.65159553,14,1,2
568,85.125,0.71106915,-18.54883699,14,1,2
569,85.275,0.71087695,-18.33693111,14,1,2
570,85.425,0.71075325,-18.12502522,14,1,2
571,85.575,0.7107963,-17.91311934,14,1,2
572,85.725,0.7107964,-17.70121346,14,1,2
573,85.875,0.71097075,-17.50356414,14,1,2
574,86.025,0.7110229,-17.57419944,14,1,2
575,86.175,0.71102665,-17.64483473,14,1,2
576,86.325,0.71092555,-17.71547002,14,1,2
577,86.475,0.710642925,-17.78610532,14,1,2
578,86.625,0.71094325,-17.85674061,14,1,2
579,86.775,0.710857325,-17.96648434,14,1,2
580,86.925,0.7109808,-18.1380272,14,1,2
581,87.075,0.71110085,-18.30957006,14,1,2
582,87.225,0.710836825,-18.48111291,14,1,2
583,87.375,0.7106599,-18.65265577,14,1,2
584,87.525,0.710404925,-18.65653048,14,2,2
585,87.675,0.71029015,-18.59649048,14,2,2
586,87.825,0.710409225,-18.53645048,14,2,2
587,87.975,0.7102784,-18.47641048,14,2,2
588,88.125,0.71027905,-18.41637048,14,2,2
589,88.275,0.7102809,-18.2908262,14,2,2
590,88.425,0.710147475,-18.1407262,14,2,2
591,88.575,0.71018315,-17.9906262,14,2,2
592,88.725,0.710233025,-17.8405262,14,2,2
593,88.875,0.7100628,-17.6904262,14,2,2
594,89.025,0.709948175,-17.53180137,14,2,2
595,89.175,0.71034765,-17.36025851,14,2,2
596,89.325,0.7111093,-17.18871566,14,2,2
597,89.475,0.71092165,-17.0171728,14,2,2
598,89.625,0.711058,-16.84562994,14,2,2
599,89.775,0.710847475,-16.88474908,14,2,2
600,89.926,0.710116675,-17.00021062,14,2,2
601,90.075,0.71041615,-17.11567215,14,2,2
602,90.225,0.7100965,-17.23113369,14,2,2
603,90.375,0.7101338,-17.12293812,14,2,2
604,90.525,0.70989325,-16.68418428,13,1,2
605,90.675,0.709774,-16.24543043,13,1,2
606,90.825,0.7099328,-15.80667658,13,1,2
607,90.975,0.709614,-15.41902125,13,1,2
608,91.125,0.70928775,-15.67919459,13,1,2
609,91.275,0.70971415,-15.93936792,13,1,2
610,91.425,0.710931,-16.19954125,13,1,2
611,91.576,0.71094875,-16.45971459,13,1,2
612,91.726,0.71092215,-16.6847016,13,1,2
613,91.875,0.7109458,-16.48456827,13,1,2
614,92.025,0.7107923,-16.28443493,13,1,2
615,92.175,0.71111865,-16.0843016,13,1,2
616,92.325,0.71121465,-15.88416827,13,1,2
617,92.475,0.71100265,-15.7239476,13,1,2
618,92.625,0.711209,-16.0241476,13,1,2
619,92.775,0.7108284,-16.3243476,13,1,2
620,92.925,0.7110771,-16.6245476,13,1,2
621,93.075,0.71092405,-16.9247476,13,1,2
622,93.225,0.71090115,-16.9750524,13,2,2
623,93.376,0.7109673,-16.6748524,13,2,2
624,93.525,0.710773625,-16.3746524,13,2,2
625,93.675,0.71051125,-16.0744524,13,2,2
626,93.825,0.7102694,-15.7742524,13,2,2
627,93.974,0.71014955,-15.71695134,13,2,2
628,94.125,0.71036425,-15.99570849,13,2,2
629,94.275,0.71030625,-16.27446563,13,2,2
630,94.425,0.71009555,-16.55322277,13,2,2
631,94.575,0.71053475,-16.83197991,13,2,2
632,94.725,0.71020815,-16.77031566,13,2,2
633,94.875,0.71078985,-16.5987728,13,2,2
634,95.026,0.7108185,-16.42722994,13,2,2
635,95.175,0.710561,-16.25568709,13,2,2
636,95.325,0.7103795,-16.08414423,13,2,2
637,95.475,0.71037375,-15.91260137,13,2,2
638,95.625,0.71052075,-15.74105851,13,2,2
639,95.776,0.71056675,-15.56951566,13,2,2
640,95.926,0.7107545,-15.3979728,13,2,2
641,96.076,0.71056775,-15.17929913,13,2,2
642,96.226,0.71053775,-14.89786163,12,1,2
643,96.376,0.71094575,-14.61642413,12,1,2
644,96.526,0.710641,-14.33498663,12,1,2
645,96.676,0.71088525,-14.05354913,12,1,2
646,96.826,0.71068575,-13.80174986,12,1,2
647,96.976,0.71105975,-13.81940868,12,1,2
648,97.125,0.7112175,-13.83706751,12,1,2
649,97.275,0.7113485,-13.85472633,12,1,2
650,97.425,0.7110575,-13.87238515,12,1,2
651,97.575,0.710933,-13.89004398,12,1,2
652,97.725,0.71102775,-13.9847308,12,1,2
653,97.875,0.71114675,-14.17897786,12,1,2
654,98.025,0.71114075,-14.37322492,12,1,2
655,98.175,0.711116,-14.56747198,12,1,2
656,98.325,0.71130225,-14.76171904,12,2,2
657,98.475,0.7112665,-14.95596609,12,2,2
658,98.625,0.71153075,-14.90050817,12,2,2
659,98.775,0.71119275,-14.77185103,12,2,2
660,98.925,0.711252,-14.64319389,12,2,2
661,99.075,0.711448,-14.51453674,12,2,2
662,99.225,0.71116675,-14.4070602,12,2,2
663,99.375,0.7114335,-14.47138877,12,2,2
664,99.525,0.7111705,-14.53571734,12,2,2
665,99.675,0.71126575,-14.60004591,12,2,2
666,99.825,0.71137375,-14.66437449,12,2,2
667,99.976,0.711753525,-14.89254968,12,2,2
668,100.125,0.71100015,-15.32408718,12,2,2
669,100.275,0.71097245,-15.75562468,12,2,2
670,100.425,0.7109785,-16.18716218,11,1,2
671,100.575,0.7111383,-16.61869968,11,1,2
672,100.725,0.711187,-16.97503743,11,1,2
673,100.875,0.71097255,-16.76060886,11,1,2
674,101.025,0.7108885,-16.54618029,11,1,2
675,101.175,0.710956675,-16.33175171,11,1,2
676,101.325,0.71080355,-16.11732314,11,1,2
677,101.475,0.710765575,-15.95468413,11,1,2
678,101.626,0.710777025,-15.85461747,11,1,2
679,101.775,0.7107827,-15.7545508,11,1,2
680,101.925,0.7105415,-15.65448413,11,1,2
681,102.075,0.7104479,-15.55441747,11,1,2
682,102.225,0.710677475,-15.52567768,11,1,2
683,102.375,0.71039,-15.58196518,11,1,2
684,102.525,0.710603975,-15.63825268,11,1,2
685,102.675,0.7107214,-15.69454018,11,1,2
686,102.825,0.710650075,-15.75082768,11,1,2
687,102.975,0.710683,-15.80505968,11,1,2
688,103.125,0.71046815,-15.84508635,11,1,2
689,103.275,0.71047505,-15.88511301,11,1,2
690,103.425,0.710497725,-15.92513968,11,1,2
691,103.576,0.71032115,-15.96516635,11,2,2
692,103.725,0.7101555,-15.96835508,11,2,2
693,103.875,0.710251275,-15.72444258,11,2,2
694,104.025,0.71028505,-15.48053008,11,2,2
695,104.175,0.710395975,-15.23661758,11,2,2
696,104.325,0.7105983,-14.99270508,11,2,2
697,104.475,0.71044565,-14.74879258,11,2,2
698,104.625,0.71052835,-14.9744544,11,2,2
699,104.775,0.710496425,-15.31754011,11,2,2
700,104.925,0.7109335,-15.66062583,11,2,2
701,105.075,0.7102677,-16.00371154,11,2,2
702,105.225,0.710248375,-16.25359272,11,2,2
703,105.375,0.710134525,-15.91336605,11,2,2
704,105.525,0.71024195,-15.57313939,11,2,2
705,105.676,0.7104506,-15.23291272,11,2,2
706,105.825,0.7103442,-14.89268605,11,2,2
707,105.975,0.71038935,-14.63915109,11,2,2
708,106.125,0.71068285,-14.91933776,11,2,2
709,106.275,0.710654675,-15.19952443,11,2,2
710,106.425,0.71029925,-15.47971109,10,1,2
711,106.576,0.710378175,-15.75989776,10,1,2
712,106.725,0.7102493,-15.96012009,10,1,2
713,106.875,0.7105322,-15.68136294,10,1,2
714,107.025,0.710495425,-15.4026058,10,1,2
715,107.175,0.710657575,-15.12384866,10,1,2
716,107.325,0.71071355,-14.84509151,10,1,2
717,107.476,0.71081505,-14.85354411,10,1,2
718,107.625,0.7107956,-15.17375744,10,1,2
719,107.775,0.710449275,-15.49397077,10,1,2
720,107.925,0.71032245,-15.81418411,10,1,2
721,108.075,0.710266275,-16.13439744,10,1,2
722,108.225,0.70997085,-16.3362369,10,1,2
723,108.376,0.710090875,-16.4112869,10,1,2
724,108.525,0.7099905,-16.4863369,10,1,2
725,108.675,0.709861975,-16.5613869,10,1,2
726,108.825,0.70956555,-16.6364369,10,1,2
727,108.975,0.7092297,-16.7136141,10,1,2
728,109.125,0.709517475,-16.80256225,10,1,2
729,109.276,0.7098445,-16.8915104,10,2,2
730,109.425,0.7096644,-16.98045855,10,2,2
731,109.575,0.709884175,-17.0694067,10,2,2
732,109.725,0.710004725,-17.15835484,10,2,2
733,109.875,0.71017945,-17.24730299,10,2,2
734,110.025,0.71023615,-17.33625114,10,2,2
735,110.175,0.71019845,-17.42519929,10,2,2
736,110.325,0.710263,-17.48726731,10,2,2
737,110.475,0.7100637,-17.40721397,10,2,2
738,110.625,0.7099366,-17.32716064,10,2,2
739,110.775,0.7099812,-17.24710731,10,2,2
740,110.925,0.7093804,-17.16705397,10,2,2
741,111.075,0.70949385,-17.08700064,10,2,2
742,111.225,0.709479125,-17.00694731,10,2,2
743,111.375,0.7096319,-16.92689397,10,2,2
744,111.525,0.709312025,-16.84684064,10,2,2
745,111.675,0.7092031,-16.76678731,10,2,2
746,111.825,0.708836025,-16.68839223,10,2,2
747,111.975,0.7089215,-16.61834556,9,1,2
748,112.125,0.709399875,-16.54829889,9,1,2
749,112.275,0.7094824,-16.47825223,9,1,2
750,112.425,0.709958375,-16.40820556,9,1,2
751,112.575,0.7097922,-16.33815889,9,1,2
752,112.725,0.709663025,-16.26811223,9,1,2
753,112.875,0.7099684,-16.19806556,9,1,2
754,113.025,0.7098122,-16.12801889,9,1,2
755,113.175,0.7097523,-16.05797223,9,1,2
756,113.325,0.709761,-16.03326631,9,1,2
757,113.475,0.70975505,-16.22625203,9,1,2
758,113.625,0.709126225,-16.41923774,9,1,2
759,113.775,0.7088813,-16.61222346,9,1,2
760,113.925,0.7096275,-16.80520917,9,1,2
761,114.075,0.70953005,-16.9,9,1,2
762,114.225,0.709241425,-16.9,9,1,2
763,114.375,0.70904565,-16.9,9,1,2
764,114.525,0.7101174,-16.9,9,1,2
765,114.675,0.7097293,-16.9,9,1,2
766,114.825,0.709659475,-16.8328155,9,1,2
767,114.976,0.709215975,-16.4575655,9,2,2
768,115.125,0.707899025,-16.0823155,9,2,2
769,115.275,0.7084019,-15.7070655,9,2,2
770,115.425,0.70892675,-15.45035163,9,2,2
771,115.575,0.709936575,-15.72745932,9,2,2
772,115.725,0.710300075,-16.00456702,9,2,2
773,115.875,0.7101618,-16.28167471,9,2,2
774,116.025,0.7093925,-16.5587824,9,2,2
775,116.175,0.71022605,-16.51481747,9,2,2
776,116.325,0.710455,-16.4147508,9,2,2
777,116.475,0.710318775,-16.31468413,9,2,2
778,116.625,0.710088125,-16.21461747,9,2,2
779,116.776,0.710715775,-16.1145508,9,2,2
780,116.925,0.7104097,-16.01448413,9,2,2
781,117.075,0.71060325,-16.0302056,9,2,2
782,117.225,0.7104657,-16.06552325,9,2,2
783,117.375,0.7112929,-16.10084089,9,2,2
784,117.525,0.71195435,-16.13615854,9,2,2
785,117.675,0.7117847,-16.17147619,9,2,2
786,117.825,0.7120194,-16.1422524,8,1,2
787,117.975,0.712160675,-15.8420524,8,1,2
788,118.125,0.71170425,-15.5418524,8,1,2
789,118.275,0.712002325,-15.2416524,8,1,2
790,118.425,0.7120753,-14.9414524,8,1,2
791,118.575,0.71212355,-14.86105677,8,1,2
792,118.725,0.7120976,-14.97651831,8,1,2
793,118.875,0.7121017,-15.09197985,8,1,2
794,119.025,0.712022925,-15.20744138,8,1,2
795,119.175,0.7122517,-15.2369496,8,1,2
796,119.325,0.71257065,-14.91909078,8,1,2
797,119.475,0.7124795,-14.60123195,8,1,2
798,119.625,0.712386825,-14.28337313,8,1,2
799,119.775,0.71274475,-13.96551431,8,1,2
800,119.925,0.7122957,-13.64765548,8,1,2
801,120.075,0.71176945,-13.70539971,8,1,2
802,120.225,0.711877425,-14.0889886,8,1,2
803,120.375,0.71186605,-14.47257749,8,1,2
804,120.525,0.71189355,-14.85616638,8,1,2
805,120.675,0.711829625,-15.23975527,8,1,2
806,120.825,0.7118693,-15.62334416,8,1,2
807,120.975,0.7120313,-15.6380524,8,1,2
808,121.125,0.71226495,-15.3378524,8,1,2
809,121.275,0.712112925,-15.0376524,8,1,2
810,121.425,0.712137,-14.7374524,8,1,2
811,121.575,0.711969975,-14.4372524,8,2,2
812,121.725,0.712023,-14.41280988,8,2,2
813,121.875,0.7120741,-14.62064065,8,2,2
814,122.025,0.71197575,-14.82847142,8,2,2
815,122.175,0.711816325,-15.03630218,8,2,2
816,122.325,0.71127045,-15.24413295,8,2,2
817,122.475,0.7110036,-15.45196372,8,2,2
818,122.625,0.7104508,-15.65979449,8,2,2
819,122.775,0.7103609,-15.86762526,8,2,2
820,122.925,0.7094275,-16.07545603,8,2,2
821,123.075,0.709552925,-16.24119872,8,2,2
822,123.225,0.7098214,-16.40130539,8,2,2
823,123.375,0.709841025,-16.56141205,8,2,2
824,123.525,0.7095437,-16.72151872,8,2,2
825,123.675,0.710136375,-16.88162539,8,2,2
826,123.825,0.7104266,-16.87342524,8,2,2
827,123.975,0.7106996,-16.84340524,8,2,2
828,124.125,0.7109301,-16.81338524,8,2,2
829,124.275,0.71072895,-16.78336524,8,2,2
830,124.425,0.7109416,-16.75334524,8,2,2
831,124.575,0.710945425,-16.72332524,8,2,2
832,124.725,0.71066285,-16.69330524,8,2,2
833,124.875,0.7108391,-16.66328524,8,2,2
834,125.025,0.7103415,-16.63326524,8,2,2
835,125.175,0.710274,-16.60324524,8,2,2
836,125.325,0.71022665,-16.55943218,7,1,2
837,125.476,0.7103304,-16.51394733,7,1,2
838,125.625,0.710486175,-16.46846248,7,1,2
839,125.775,0.7107199,-16.42297764,7,1,2
840,125.925,0.7110624,-16.37749279,7,1,2
841,126.075,0.710628,-16.33200794,7,1,2
842,126.225,0.7106277,-16.28652309,7,1,2
843,126.375,0.7104587,-16.24103824,7,1,2
844,126.525,0.71066455,-16.19555339,7,1,2
845,126.675,0.7109552,-16.15006855,7,1,2
846,126.825,0.7107368,-16.1045837,7,1,2
847,126.975,0.7113749,-15.892348,7,1,2
848,127.125,0.7111786,-15.66142492,7,1,2
849,127.275,0.7109184,-15.43050185,7,1,2
850,127.425,0.7106543,-15.19957877,7,1,2
851,127.575,0.71064525,-15.23659808,7,1,2
852,127.725,0.7109517,-15.47675808,7,1,2
853,127.875,0.7109588,-15.71691808,7,1,2
854,128.025,0.7108979,-15.95707808,7,1,2
855,128.175,0.7109869,-16.19723808,7,1,2
856,128.325,0.71107415,-16.23559465,7,1,2
857,128.475,0.7111339,-16.12301965,7,1,2
858,128.626,0.7110397,-16.01044465,7,1,2
859,128.775,0.710955875,-15.89786965,7,1,2
860,128.925,0.711205,-15.78529465,7,1,2
861,129.075,0.7111035,-15.76755134,7,2,2
862,129.226,0.710823,-16.04630849,7,2,2
863,129.375,0.710313675,-16.32506563,7,2,2
864,129.525,0.71046535,-16.60382277,7,2,2
865,129.675,0.7099478,-16.88257991,7,2,2
866,129.825,0.7108588,-16.93050096,7,2,2
867,129.975,0.711880575,-16.81042096,7,2,2
868,130.125,0.7114295,-16.69034096,7,2,2
869,130.275,0.71068615,-16.57026096,7,2,2
870,130.425,0.7106624,-16.45018096,7,2,2
871,130.575,0.710628875,-16.38907828,7,2,2
872,130.725,0.710584975,-16.37031578,7,2,2
873,130.875,0.7104611,-16.35155328,7,2,2
874,131.025,0.7104299,-16.33279078,7,2,2
875,131.175,0.710671825,-16.31402828,7,2,2
876,131.325,0.71138415,-16.3,7,2,2
877,131.475,0.71121835,-16.3,7,2,2
878,131.625,0.710443725,-16.3,7,2,2
879,131.775,0.709762475,-16.3,7,2,2
880,131.925,0.709865925,-16.3,7,2,2
881,132.075,0.71053815,-16.31534952,7,2,2
882,132.225,0.709350175,-16.37538952,7,2,2
883,132.375,0.7092522,-16.43542952,7,2,2
884,132.525,0.709231125,-16.49546952,7,2,2
885,132.675,0.71002935,-16.55550952,7,2,2
886,132.825,0.709833875,-16.55335144,6,1,2
887,132.975,0.71036595,-16.37323144,6,1,2
888,133.126,0.710465275,-16.19311144,6,1,2
889,133.275,0.71044895,-16.01299144,6,1,2
890,133.425,0.7098921,-15.83287144,6,1,2
891,133.575,0.71026485,-15.69212524,6,1,2
892,133.725,0.71022275,-15.66210524,6,1,2
893,133.875,0.710382725,-15.63208524,6,1,2
894,134.025,0.710438275,-15.60206524,6,1,2
895,134.175,0.710274925,-15.57204524,6,1,2
896,134.325,0.7105906,-15.54202524,6,1,2
897,134.475,0.710996025,-15.51200524,6,1,2
898,134.625,0.711277375,-15.48198524,6,1,2
899,134.775,0.7113028,-15.45196524,6,1,2
900,134.925,0.7118315,-15.42194524,6,1,2
901,135.075,0.7120356,-15.44844856,6,1,2
902,135.225,0.7119945,-15.62856856,6,1,2
903,135.375,0.7118463,-15.80868856,6,1,2
904,135.525,0.7123663,-15.98880856,6,1,2
905,135.675,0.712047925,-16.16892856,6,1,2
906,135.825,0.7117847,-16.34808682,6,1,2
907,135.975,0.7118932,-16.52467506,6,1,2
908,136.125,0.7118475,-16.70126329,6,2,2
909,136.275,0.712082325,-16.87785153,6,2,2
910,136.425,0.7119895,-17.05443976,6,2,2
911,136.575,0.712689,-17.231028,6,2,2
912,136.725,0.7123225,-17.23901747,6,2,2
913,136.875,0.712363125,-17.1389508,6,2,2
914,137.025,0.7119786,-17.03888413,6,2,2
915,137.175,0.711734,-16.93881747,6,2,2
916,137.325,0.7118347,-16.8387508,6,2,2
917,137.475,0.711809775,-16.87074908,6,2,2
918,137.625,0.7112124,-16.98621062,6,2,2
919,137.775,0.7110607,-17.10167215,6,2,2
920,137.925,0.7107483,-17.21713369,6,2,2
921,138.075,0.710981575,-17.24516332,6,2,2
922,138.225,0.7107646,-17.05091626,6,2,2
923,138.375,0.7102156,-16.8566692,6,2,2
924,138.525,0.709796,-16.66242214,6,2,2
925,138.675,0.709658325,-16.46817508,6,2,2
926,138.825,0.7101542,-16.27392802,6,2,2
927,138.975,0.710491,-16.24958603,6,2,2
928,139.125,0.7104607,-16.32963936,6,2,2
929,139.275,0.710326075,-16.40969269,6,2,2
930,139.425,0.710653,-16.48974603,6,2,2
931,139.575,0.7105468,-16.56979936,6,2,2
932,139.725,0.7114859,-16.39747343,6,2,2
933,139.875,0.711546075,-16.07225677,6,2,2
934,140.026,0.7111503,-15.7470401,6,2,2
935,140.175,0.7110523,-15.42182343,6,2,2
936,140.325,0.7108892,-15.5816214,6,2,2
937,140.475,0.7109751,-16.0319214,6,2,2
938,140.625,0.7107943,-16.4822214,6,2,2
939,140.775,0.7112053,-16.9325214,6,2,2
940,140.925,0.7113938,-17.3828214,6,2,2
941,141.075,0.7115136,-17.15250206,5,1,2
942,141.225,0.7117622,-16.89518777,5,1,2
943,141.375,0.711769,-16.63787349,5,1,2
944,141.525,0.711835,-16.3805592,5,1,2
945,141.675,0.7120255,-16.17612064,5,1,2
946,141.825,0.7118202,-16.09606731,5,1,2
947,141.975,0.7119665,-16.01601397,5,1,2
948,142.125,0.7116438,-15.93596064,5,1,2
949,142.275,0.7118375,-15.85590731,5,1,2
950,142.425,0.7117233,-15.84225555,5,1,2
951,142.575,0.7119629,-15.98234888,5,1,2
952,142.725,0.7120176,-16.12244221,5,1,2
953,142.875,0.7119214,-16.26253555,5,1,2
954,143.025,0.7117737,-16.40262888,5,1,2
955,143.175,0.7116722,-16.54272221,5,1,2
956,143.325,0.7117321,-16.68281555,5,1,2
957,143.475,0.7116563,-16.82290888,5,1,2
958,143.625,0.7115001,-16.96300221,5,1,2
959,143.775,0.7116165,-17.10309555,5,1,2
960,143.926,0.7112909,-17.2616984,5,1,2
961,144.076,0.7116807,-17.46183173,5,2,2
962,144.226,0.7116431,-17.66196507,5,2,2
963,144.376,0.7117551,-17.8620984,5,2,2
964,144.526,0.7120905,-18,5,2,2
965,144.675,0.712208675,-18,5,2,2
966,144.825,0.7122895,-18,5,2,2
967,144.976,0.7125714,-18,5,2,2
968,145.125,0.712291425,-18,5,2,2
969,145.275,0.711645375,-18,5,2,2
970,145.425,0.711694275,-18,5,2,2
971,145.575,0.7116241,-18,5,2,2
972,145.725,0.711745025,-18,5,2,2
973,145.875,0.711723625,-18.04216394,5,2,2
974,146.025,0.711607025,-18.08504966,5,2,2
975,146.175,0.7117147,-18.12793537,5,2,2
976,146.325,0.711792675,-18.17082109,5,2,2
977,146.475,0.712342925,-18.19400328,5,2,2
978,146.625,0.7127466,-18.17524078,5,2,2
979,146.776,0.7127117,-18.15647828,5,2,2
980,146.925,0.712337975,-18.13771578,5,2,2
981,147.075,0.711911575,-18.11895328,4,1,2
982,147.225,0.711419,-18.10019078,4,1,2
983,147.375,0.7113603,-17.48589496,4,1,2
984,147.525,0.71091815,-16.86548163,4,1,2
985,147.675,0.710909225,-16.24506829,4,1,2
986,147.825,0.7105197,-15.62465496,4,1,2
987,147.975,0.711011375,-15.00424163,4,1,2
988,148.125,0.710634025,-15.18634225,4,1,2
989,148.275,0.710525975,-15.37396725,4,1,2
990,148.425,0.7115542,-15.56159225,4,1,2
991,148.575,0.711592775,-15.74921725,4,1,2
992,148.725,0.711379375,-15.93684225,4,1,2
993,148.875,0.7111017,-16.04685826,4,1,2
994,149.025,0.711282625,-16.11749355,4,1,2
995,149.175,0.711344675,-16.18812885,4,1,2
996,149.325,0.711481775,-16.25876414,4,1,2
997,149.475,0.7120216,-16.32939944,4,1,2
998,149.625,0.7118762,-16.40008434,4,1,2
999,149.775,0.71165735,-16.5716272,4,1,2
1000,149.925,0.71174495,-16.74317006,4,1,2
1001,150.075,0.7114292,-16.91471291,4,2,2
1002,150.225,0.711193775,-17.08625577,4,2,2
1003,150.376,0.7111406,-17.11330206,4,2,2
1004,150.526,0.7111868,-16.85598777,4,2,2
1005,150.676,0.71113095,-16.59867349,4,2,2
1006,150.826,0.71103935,-16.3413592,4,2,2
1007,150.976,0.71113305,-16.08404491,4,2,2
1008,151.126,0.7113277,-15.88629198,4,2,2
1009,151.276,0.7112865,-15.71742948,4,2,2
1010,151.426,0.71118925,-15.54856698,4,2,2
1011,151.576,0.7111175,-15.37970448,4,2,2
1012,151.726,0.7111206,-15.21084198,4,2,2
1013,151.876,0.71124195,-15.19708009,4,2,2
1014,152.026,0.71126105,-15.47962127,4,2,2
1015,152.176,0.7114129,-15.76216245,4,2,2
1016,152.326,0.7114994,-16.04470362,4,2,2
1017,152.476,0.7114272,-16.3272448,4,2,2
1018,152.626,0.71096075,-16.60978598,4,2,2
1019,152.775,0.71105395,-16.76811587,4,2,2
1020,152.925,0.71131185,-16.86818253,4,2,2
1021,153.075,0.7111379,-16.9682492,3,1,2
1022,153.225,0.71117375,-17.06831587,3,1,2
1023,153.375,0.7111642,-17.16838253,3,1,2
1024,153.525,0.7109926,-16.971836,3,1,2
1025,153.675,0.7107793,-16.63828044,3,1,2
1026,153.825,0.70999465,-16.30472489,3,1,2
1027,153.975,0.70990395,-15.97116933,3,1,2
1028,154.125,0.71032615,-15.63761378,3,1,2
1029,154.275,0.7097825,-15.30405822,3,1,2
1030,154.425,0.7093915,-15.21147487,3,1,2
1031,154.575,0.7100351,-15.22815264,3,1,2
1032,154.725,0.7101689,-15.24483042,3,1,2
1033,154.875,0.71116225,-15.2615082,3,1,2
1034,155.025,0.7109764,-15.27818598,3,1,2
1035,155.175,0.7107319,-15.29486376,3,1,2
1036,155.325,0.710901,-15.31483911,3,1,2
1037,155.475,0.711301,-15.33628197,3,1,2
1038,155.625,0.7111888,-15.35772483,3,1,2
1039,155.775,0.71161845,-15.37916769,3,1,2
1040,155.926,0.711603,-15.4,3,2,2
1041,156.075,0.7116066,-15.4,3,2,2
1042,156.225,0.7115519,-15.4,3,2,2
1043,156.375,0.7112541,-15.4,3,2,2
1044,156.525,0.7114274,-15.4,3,2,2
1045,156.675,0.7117121,-15.4,3,2,2
1046,156.825,0.7120347,-15.36298572,3,2,2
1047,156.975,0.71168465,-15.31000925,3,2,2
1048,157.126,0.7112977,-15.25703278,3,2,2
1049,157.275,0.7113986,-15.20405631,3,2,2
1050,157.425,0.7113079,-15.15107984,3,2,2
1051,157.575,0.7113052,-15.10948318,3,2,2
1052,157.725,0.7115992,-15.37436553,3,2,2
1053,157.875,0.7112258,-15.63924788,3,2,2
1054,158.025,0.7115466,-15.90413024,3,2,2
1055,158.175,0.7112672,-16.16901259,3,2,2
1056,158.325,0.7111238,-16.43389494,3,2,2
1057,158.475,0.7110525,-16.60658515,3,2,2
1058,158.625,0.7109801,-16.62424398,2,1,1
1059,158.775,0.710919,-16.6419028,2,1,1
1060,158.925,0.7111863,-16.65956162,2,1,1
1061,159.075,0.7108152,-16.67722045,2,1,1
1062,159.225,0.710668375,-16.69487927,2,1,1
1063,159.376,0.7103211,-16.74262952,2,1,1
1064,159.525,0.7101983,-16.80266952,2,1,1
1065,159.675,0.7103387,-16.86270952,2,1,1
1066,159.825,0.7102127,-16.92274952,2,1,1
1067,159.975,0.710435775,-16.98278952,2,1,1
1068,160.125,0.710060425,-16.90631043,2,1,1
1069,160.276,0.7093885,-16.77497293,2,1,1
1070,160.425,0.7096734,-16.64363543,2,1,1
1071,160.575,0.710252,-16.51229793,2,1,1
1072,160.725,0.7102873,-16.38096043,2,1,1
1073,160.875,0.710439,-16.34741372,2,1,1
1074,161.025,0.7107548,-16.47102548,2,1,1
1075,161.175,0.7104818,-16.59463725,2,1,1
1076,161.325,0.7111076,-16.71824901,2,1,1
1077,161.475,0.7112618,-16.84186078,2,1,1
1078,161.625,0.710756,-16.96547254,2,1,1
1079,161.775,0.71140705,-16.6291184,2,1,1
1080,161.926,0.7116373,-16.11448983,2,2,1
1081,162.075,0.7117733,-15.59986126,2,2,1
1082,162.225,0.7113934,-15.08523269,2,2,1
1083,162.375,0.7111345,-14.61371808,2,2,1
1084,162.525,0.710754,-14.85387808,2,2,1
1085,162.675,0.7103954,-15.09403808,2,2,1
1086,162.825,0.7111461,-15.33419808,2,2,1
1087,162.975,0.7111025,-15.57435808,2,2,1
1088,163.125,0.7112457,-15.81494508,2,2,1
1089,163.275,0.7110436,-16.06216861,2,2,1
1090,163.425,0.710782625,-16.30939214,2,2,1
1091,163.576,0.711031,-16.55661567,2,2,1
1092,163.725,0.7111114,-16.8038392,2,2,1
1093,163.875,0.7110028,-17.05106273,2,2,1
1094,164.025,0.7110831,-17.04335628,2,2,1
1095,164.175,0.7112846,-16.64934377,2,2,1
1096,164.325,0.7115435,-16.25533127,2,2,1
1097,164.475,0.7115187,-15.86131878,2,2,1
1098,164.625,0.7114448,-15.46730628,2,2,1
1099,164.775,0.7113868,-15.1421486,2,2,1
1100,164.925,0.7116693,-15.76399146,2,2,1
1101,165.075,0.7107782,-16.38583431,1,1,1
1102,165.225,0.7111263,-17.00767717,1,1,1
1103,165.375,0.711265,-17.62952003,1,1,1
1104,165.526,0.7112595,-18.00933443,1,1,1
1105,165.676,0.71130035,-18.03242674,1,1,1
1106,165.826,0.7112139,-18.05551905,1,1,1
1107,165.976,0.71145375,-18.07861135,1,1,1
1108,166.126,0.71148925,-18.06899336,1,1,1
1109,166.275,0.71146865,-17.64871336,1,1,1
1110,166.425,0.7115624,-17.22843336,1,1,1
1111,166.575,0.7114951,-16.80815336,1,1,1
1112,166.725,0.7113291,-16.38787336,1,1,1
1113,166.875,0.71087375,-15.99276638,1,1,1
1114,167.025,0.71086315,-15.89895388,1,1,1
1115,167.175,0.71090685,-15.80514138,1,1,1
1116,167.325,0.710897,-15.71132888,1,1,1
1117,167.475,0.7109484,-15.61751638,1,1,1
1118,167.625,0.7108693,-15.52370388,1,2,1
1119,167.775,0.7109238,-15.85254623,1,2,1
1120,167.925,0.711054,-16.32428909,1,2,1
1121,168.075,0.711061,-16.79603194,1,2,1
1122,168.225,0.71105795,-17.2677748,1,2,1
1123,168.375,0.71106255,-17.69613114,1,2,1
1124,168.525,0.71133005,-17.64994652,1,2,1
1125,168.675,0.71125415,-17.60376191,1,2,1
1126,168.825,0.7111704,-17.55757729,1,2,1
1127,168.975,0.7113801,-17.51139268,1,2,1
1128,169.125,0.7112359,-17.68091808,1,2,1
1129,169.275,0.71109885,-17.92107808,1,2,1
1130,169.425,0.7107736,-18.16123808,1,2,1
1131,169.575,0.71087355,-18.40139808,1,2,1
1132,169.725,0.71098205,-18.64155808,1,2,1
1133,169.875,0.71103675,-18.88171808,1,2,1
